{
 "Batch Render Time": 710.2064859867096,
 "Number of NFTs generated in Batch": 1000,
 "Average time per generation": -0.29050301100228815
}
